question,prompt,answer,untrained_prediction,trained_prediction
Can I change my order after it has been placed?,"<|system|>
Your task is to respond accurately to the customer's question<|end|>
<|user|>

Virtual Assistant: Welcome to our virtual marketplace! Your task is to assist customers by providing accurate answers.

Customer's Question:
Can I change my order after it has been placed?

<|end|>
<|assistant|>
","If you need to change your order, please contact our customer support team as soon as possible. We will do our best to accommodate your request if the order has not been processed yet."," Yes, you can change your order after it has been placed, but it depends on the seller's return and exchange policy. Some sellers allow modifications to the order before the item is shipped, while others may only permit changes if the order has not yet been dispatched. It's important to check the specific terms and conditions provided by the seller at the time of purchase. If you need to make a change, contact the seller as soon as possible to discuss your options."," Certainly! If you've placed an order and need to make changes, please reach out to our customer support team immediately. They will assist you in modifying your order, provided it hasn't been processed yet."
Can I return a product if it was damaged due to mishandling during shipping?,"<|system|>
Your task is to respond accurately to the customer's question<|end|>
<|user|>

Virtual Assistant: Welcome to our virtual marketplace! Your task is to assist customers by providing accurate answers.

Customer's Question:
Can I return a product if it was damaged due to mishandling during shipping?

<|end|>
<|assistant|>
","If your product was damaged due to mishandling during shipping, please contact our customer support team immediately. We will assist you with the necessary steps for return and replacement."," As a virtual assistant, I would respond to the customer's question as follows:


""Thank you for reaching out to us. If a product arrives damaged due to mishandling during shipping, you may be eligible for a return or exchange, depending on the seller's return policy. Please check the product's packaging for any damage indicators and contact the seller immediately to report the issue. They will guide you through the process for returning the damaged item. It's important to keep all packaging and documentation in case you need to provide proof of the damage."""," Certainly! If you've received a damaged product due to mishandling during shipping, please reach out to our customer support team right away. They will guide you through the process for returning the item and arranging a replacement."
Can I change my order after it has been placed?,"<|system|>
Your task is to respond accurately to the customer's question<|end|>
<|user|>

Virtual Assistant: Welcome to our virtual marketplace! Your task is to assist customers by providing accurate answers.

Customer's Question:
Can I change my order after it has been placed?

<|end|>
<|assistant|>
","If you need to change your order, please contact our customer support team as soon as possible. We will do our best to accommodate your request if the order has not been processed yet."," Yes, you can change your order after it has been placed, but it depends on the seller's return and exchange policy. Some sellers allow modifications to the order before the item is shipped, while others may only permit changes if the order has not yet been dispatched. It's important to check the specific terms and conditions provided by the seller at the time of purchase. If you need to make a change, contact the seller as soon as possible to discuss your options."," Certainly! If you've placed an order and need to make changes, please reach out to our customer support team immediately. They will assist you in modifying your order, provided it hasn't been processed yet."
How do I update my account information?,"<|system|>
Your task is to respond accurately to the customer's question<|end|>
<|user|>

Virtual Assistant: Welcome to our virtual marketplace! Your task is to assist customers by providing accurate answers.

Customer's Question:
How do I update my account information?

<|end|>
<|assistant|>
","To update your account information, log in to your account, navigate to the 'Account Settings' section, and make the necessary changes."," To update your account information, please follow these steps:


1. Log in to your account on our website.

2. Navigate to the 'Account Settings' or 'Profile' section.

3. Click on the 'Edit' or 'Update' button next to the information you wish to change.

4. Fill in the new information as prompted.

5. Review the changes to ensure accuracy.

6. Click on the 'Save' or 'Submit' button to finalize the update.

7. You may need to verify the changes through a confirm"," To update your account information, please follow these steps:


1. Log in to your account using your username and password.

2. Once logged in, locate the 'Account Settings' section on the dashboard.

3. Click on 'Account Settings' to access your current account details.

4. Here, you will find various fields such as your name, email address, phone number, and other personal information.

5. Click on the field you wish to update and enter the new information.

6. After updating all the necessary details, make sure to review the changes for accuracy"
Can I order a product if it is listed as 'out of stock' but available for backorder?,"<|system|>
Your task is to respond accurately to the customer's question<|end|>
<|user|>

Virtual Assistant: Welcome to our virtual marketplace! Your task is to assist customers by providing accurate answers.

Customer's Question:
Can I order a product if it is listed as 'out of stock' but available for backorder?

<|end|>
<|assistant|>
","If a product is listed as 'out of stock' but available for backorder, you can place an order to secure your item. The product will be shipped once it becomes available."," Yes, you can order a product that is listed as 'out of stock' if it is available for backorder. When a product is out of stock, it means that the item is currently unavailable for immediate purchase. However, if the seller has set up a backorder system, you can place an order for the product, and the seller will notify you when it becomes available again."," Yes, you can order a product that is currently listed as 'out of stock' if it is available for backorder. When you place the order, the seller will typically notify you when the item is back in stock and ready to ship."
Can I return a product if it was purchased during a sale or with a discount?,"<|system|>
Your task is to respond accurately to the customer's question<|end|>
<|user|>

Virtual Assistant: Welcome to our virtual marketplace! Your task is to assist customers by providing accurate answers.

Customer's Question:
Can I return a product if it was purchased during a sale or with a discount?

<|end|>
<|assistant|>
","Yes, you can return a product purchased during a sale or with a discount. The refund will be processed based on the amount paid after the discount."," Yes, you can return a product if it was purchased during a sale or with a discount. Most retailers have a return policy that applies to all purchases, regardless of whether they were bought at full price or with a discount. However, it's important to check the specific return policy of the retailer, as there may be certain conditions or time limits."," Yes, you can return a product purchased during a sale or with a discount. The refund will be processed based on the amount paid after the discount."
How can I contact customer support?,"<|system|>
Your task is to respond accurately to the customer's question<|end|>
<|user|>

Virtual Assistant: Welcome to our virtual marketplace! Your task is to assist customers by providing accurate answers.

Customer's Question:
How can I contact customer support?

<|end|>
<|assistant|>
",You can contact our customer support team by phone at [phone number] or by email at [email address]. Our team is available [working hours] to assist you with any inquiries or issues you may have.," To contact customer support, you can follow these steps:


1. Visit our website and navigate to the 'Contact Us' page.

2. You will find various contact options such as email, phone, or live chat.

3. If you prefer email, look for the 'Support' or 'Help' section where you can find the support email address.

4. For phone support, you can find the customer service number on the same page.

5. If you choose live chat, you can click on the chat icon and start a conversation with a support representative.


"," Customer's Answer:

To reach our dedicated customer support team, you may call us at 1-800-123-4567 or send an email to support@virtualmarketplace.com. Our support team is available from 9 AM to 5 PM EST, Monday through Friday, ready to help you with any questions or concerns you might have."
Can I request a product if it is not currently available in my preferred color?,"<|system|>
Your task is to respond accurately to the customer's question<|end|>
<|user|>

Virtual Assistant: Welcome to our virtual marketplace! Your task is to assist customers by providing accurate answers.

Customer's Question:
Can I request a product if it is not currently available in my preferred color?

<|end|>
<|assistant|>
","If a product is not available in your preferred color, it may be temporarily out of stock. Please check back later or sign up for color notifications."," As a virtual assistant, I would respond to the customer's question with the following:


""Yes, you can request a product in a color that is not currently available. Most virtual marketplaces have a feature that allows you to customize your order. You can specify your preferred color during the checkout process, and the seller will either have it in stock or can fulfill the order by sourcing the color from another supplier. Please ensure that the product is eligible for customization before proceeding with your order."""," If a product is not available in your preferred color, it may be temporarily out of stock. Please check back later or sign up for color notifications to be alerted when the product becomes available in your desired color."
